{"cameraMode":{"drawMode":0,"name":"Shaded","section":"Shading Mode"},"sceneLighting":true,"audioPlay":false,"sceneViewState":{"m_AlwaysRefresh":false,"showFog":true,"showSkybox":true,"showFlares":true,"showImageEffects":true,"showParticleSystems":true,"showVisualEffectGraphs":true,"m_FxEnabled":true},"in2DMode":false,"pivot":{"x":1.0764151811599732,"y":1.2589881420135499,"z":-8.565278053283692},"rotation":{"x":0.01812860742211342,"y":0.008406051434576512,"z":-0.00014084235590416938,"w":0.999820351600647},"size":4.177572250366211,"orthographic":false}